processes,train_samples,test_samples,k,accuracy,total_time,comm_time,comp_time,efficiency
1,2875,719,3,0.994437,3.921939,0.001030,3.913160,100.00
2,2875,719,3,0.994437,2.062291,0.010296,2.054514,99.73
4,2875,719,3,0.994437,1.054395,0.025224,1.039825,98.32
8,2875,719,3,0.994437,0.806527,0.034712,0.788041,94.35
8,4000,1000,3,0.350000,1.600380,0.061329,1.553283,96.36
8,8000,2000,3,0.422000,5.912293,0.161376,5.795895,98.15
8,16000,4000,3,0.457500,23.795095,0.533336,23.739738,97.96
8,32000,8000,3,0.529250,100.820106,4.323410,100.721780,95.79
