processes,train_samples,test_samples,features,k,accuracy,total_time,comm_time,max_comp_time,avg_comp_time,total_flops,flops_per_second,speedup,efficiency
1,1437,360,64,3,0.983333,1.058090,0.000754,1.051347,1.051347,99325440,94474460,1.0000,100.00
2,1437,360,64,3,0.983333,0.559625,0.009254,0.552464,0.547320,99325440,179786267,1.9814,99.07
3,1437,360,64,3,0.983333,0.362123,0.008091,0.355383,0.352458,99325440,279488439,2.9753,99.18
4,1437,360,64,3,0.983333,0.307609,0.015533,0.294347,0.288225,99325440,337443358,3.9168,97.92
5,1437,360,64,3,0.983333,0.351325,0.039938,0.280072,0.277906,99325440,354642520,4.9613,99.23
6,1437,360,64,3,0.983333,0.282293,0.051027,0.237750,0.219808,99325440,417772618,5.5472,92.45
7,1437,360,64,3,0.983333,0.347960,0.046295,0.271632,0.239887,99325440,365661778,6.1819,88.31
8,1437,360,64,3,0.983333,0.228683,0.022592,0.197472,0.187855,99325440,502984930,7.6104,95.13
